{
  "config": {
    "session": {
      "maxAge": 86400000,
      "key": "EGG_SESS",
      "httpOnly": true,
      "encrypt": true,
      "overwrite": true,
      "signed": true,
      "autoCommit": true,
      "encode": "<Function encode>",
      "decode": "<Function decode>",
      "genid": "<Function v4>"
    },
    "security": {
      "domainWhiteList": [
        "*"
      ],
      "protocolWhiteList": [],
      "defaultMiddleware": "csrf,hsts,methodnoallow,noopen,nosniff,csp,xssProtection,xframe,dta",
      "csrf": {
        "enable": false,
        "type": "ctoken",
        "ignoreJSON": false,
        "useSession": false,
        "cookieName": "csrfToken",
        "sessionName": "csrfToken",
        "headerName": "x-csrf-token",
        "bodyName": "_csrf",
        "queryName": "_csrf",
        "refererWhiteList": []
      },
      "xframe": {
        "enable": true,
        "value": "SAMEORIGIN",
        "matching": "<Function anonymous>"
      },
      "hsts": {
        "enable": false,
        "maxAge": 31536000,
        "includeSubdomains": false
      },
      "dta": {
        "enable": true,
        "matching": "<Function anonymous>"
      },
      "methodnoallow": {
        "enable": true,
        "matching": "<Function anonymous>"
      },
      "noopen": {
        "enable": true,
        "matching": "<Function anonymous>"
      },
      "nosniff": {
        "enable": true,
        "matching": "<Function anonymous>"
      },
      "referrerPolicy": {
        "enable": false,
        "value": "no-referrer-when-downgrade"
      },
      "xssProtection": {
        "enable": true,
        "value": "1; mode=block",
        "matching": "<Function anonymous>"
      },
      "csp": {
        "enable": false,
        "policy": {}
      },
      "ssrf": {
        "ipBlackList": null,
        "checkAddress": null
      },
      "_protocolWhiteListSet": "<Set>"
    },
    "helper": {
      "shtml": {}
    },
    "jsonp": {
      "limit": 50,
      "callback": [
        "_callback",
        "callback"
      ],
      "csrf": false
    },
    "onerror": {
      "errorPageUrl": "",
      "appErrorFilter": null,
      "templatePath": "/Users/fangjianbing/work/oal/guarder/guarder_server/node_modules/egg-onerror/lib/onerror_page.mustache"
    },
    "i18n": {
      "defaultLocale": "en_US",
      "dirs": [
        "/Users/fangjianbing/work/oal/guarder/guarder_server/node_modules/egg-session/config/locales",
        "/Users/fangjianbing/work/oal/guarder/guarder_server/node_modules/egg-security/config/locales",
        "/Users/fangjianbing/work/oal/guarder/guarder_server/node_modules/egg-jsonp/config/locales",
        "/Users/fangjianbing/work/oal/guarder/guarder_server/node_modules/egg-onerror/config/locales",
        "/Users/fangjianbing/work/oal/guarder/guarder_server/node_modules/egg-i18n/config/locales",
        "/Users/fangjianbing/work/oal/guarder/guarder_server/node_modules/egg-watcher/config/locales",
        "/Users/fangjianbing/work/oal/guarder/guarder_server/node_modules/egg-schedule/config/locales",
        "/Users/fangjianbing/work/oal/guarder/guarder_server/node_modules/egg-multipart/config/locales",
        "/Users/fangjianbing/work/oal/guarder/guarder_server/node_modules/egg-development/config/locales",
        "/Users/fangjianbing/work/oal/guarder/guarder_server/node_modules/egg-logrotator/config/locales",
        "/Users/fangjianbing/work/oal/guarder/guarder_server/node_modules/egg-static/config/locales",
        "/Users/fangjianbing/work/oal/guarder/guarder_server/node_modules/egg-view/config/locales",
        "/Users/fangjianbing/work/oal/guarder/guarder_server/node_modules/egg-jwt/config/locales",
        "/Users/fangjianbing/work/oal/guarder/guarder_server/node_modules/egg-mongoose/config/locales",
        "/Users/fangjianbing/work/oal/guarder/guarder_server/node_modules/egg-view-nunjucks/config/locales",
        "/Users/fangjianbing/work/oal/guarder/guarder_server/node_modules/egg-socket.io/config/locales",
        "/Users/fangjianbing/work/oal/guarder/guarder_server/node_modules/egg-cors/config/locales",
        "/Users/fangjianbing/work/oal/guarder/guarder_server/node_modules/egg/config/locales",
        "/Users/fangjianbing/work/oal/guarder/guarder_server/config/locales"
      ],
      "queryField": "locale",
      "cookieField": "locale",
      "cookieDomain": "",
      "cookieMaxAge": "1y",
      "functionName": "__"
    },
    "watcher": {
      "type": "development",
      "eventSources": {
        "default": "/Users/fangjianbing/work/oal/guarder/guarder_server/node_modules/egg-watcher/lib/event-sources/default",
        "development": "/Users/fangjianbing/work/oal/guarder/guarder_server/node_modules/egg-watcher/lib/event-sources/development"
      }
    },
    "customLogger": {
      "scheduleLogger": {
        "consoleLevel": "NONE",
        "file": "egg-schedule.log"
      }
    },
    "schedule": {
      "directory": []
    },
    "multipart": {
      "mode": "stream",
      "autoFields": false,
      "defaultCharset": "utf8",
      "fieldNameSize": 100,
      "fieldSize": 102400,
      "fields": 10,
      "fileSize": 524288000,
      "files": 10,
      "fileExtensions": [],
      "whitelist": [
        ".jpg",
        ".jpeg",
        ".png",
        ".zip"
      ],
      "tmpdir": "/var/folders/96/010q37sd3yx_hwt76vz4z4n00000gn/T/egg-multipart-tmp/guarder_server",
      "cleanSchedule": {
        "cron": "0 30 4 * * *"
      }
    },
    "development": {
      "watchDirs": [],
      "ignoreDirs": [],
      "fastReady": false,
      "reloadOnDebug": true,
      "overrideDefault": false
    },
    "logrotator": {
      "filesRotateByHour": null,
      "hourDelimiter": "-",
      "filesRotateBySize": null,
      "maxFileSize": 52428800,
      "maxFiles": 10,
      "rotateDuration": 60000,
      "maxDays": 31
    },
    "static": {
      "prefix": "/public/",
      "dir": "/Users/fangjianbing/work/oal/guarder/guarder_server/app/public",
      "dynamic": true,
      "preload": false,
      "buffer": false,
      "maxFiles": 1000
    },
    "view": {
      "root": [
        "/Users/fangjianbing/work/oal/guarder/guarder_server/app/public"
      ],
      "cache": false,
      "defaultExtension": ".html",
      "defaultViewEngine": "",
      "mapping": {
        ".html": "nunjucks",
        ".js": "app/public",
        ".css": "app/public"
      }
    },
    "jwt": {
      "secret": "<String len: 14>",
      "enable": false
    },
    "mongoose": {
      "url": "mongodb://10.11.4.167:27017/guarder",
      "options": {
        "useUnifiedTopology": true,
        "useNewUrlParser": true
      },
      "plugins": [],
      "loadModel": true,
      "app": true,
      "agent": false,
      "client": {
        "url": "mongodb://10.11.4.167:27017/guarder",
        "options": {
          "useUnifiedTopology": true,
          "useNewUrlParser": true
        }
      }
    },
    "nunjucks": {
      "autoescape": true,
      "throwOnUndefined": false,
      "trimBlocks": false,
      "lstripBlocks": false,
      "cache": false
    },
    "io": {
      "init": {
        "cookie": false,
        "path": "/socket.io",
        "allowRequest": "<Function bound >"
      },
      "namespace": {
        "/": {
          "connectionMiddleware": [
            "connection"
          ],
          "packetMiddleware": [
            "packet"
          ]
        }
      },
      "redis": {
        "host": "10.11.4.167",
        "port": 6379,
        "password": "<String len: 0>",
        "db": 0
      }
    },
    "cors": {
      "origin": "*",
      "credentials": true,
      "allowMethods": "GET,HEAD,PUT,POST,DELETE,PATCH,OPTIONS"
    },
    "env": "local",
    "name": "guarder_server",
    "keys": "<String len: 33>",
    "proxy": false,
    "maxProxyCount": 0,
    "protocolHeaders": "x-forwarded-proto",
    "ipHeaders": "x-forwarded-for",
    "hostHeaders": "",
    "pkg": {
      "name": "guarder_server",
      "version": "0.0.21",
      "description": "openailab_guarder",
      "createAt": "2020-03-19 11:30",
      "private": true,
      "egg": {
        "declarations": true
      },
      "dependencies": {
        "egg": "^2.15.1",
        "egg-cors": "^2.2.3",
        "egg-jwt": "^3.1.6",
        "egg-mongoose": "^3.2.0",
        "egg-oauth2-server": "^2.2.6",
        "egg-scripts": "^2.11.0",
        "egg-socket.io": "^4.1.6",
        "egg-view-assets": "^1.6.0",
        "egg-view-nunjucks": "^2.2.0",
        "jsonwebtoken": "^8.5.1",
        "md5": "^2.2.1",
        "moment": "^2.24.0",
        "mz": "^2.7.0",
        "request": "^2.88.2",
        "request-promise-native": "^1.0.8",
        "stream-to-array": "^2.3.0",
        "stream-wormhole": "^1.1.0",
        "uuid": "^3.3.3"
      },
      "devDependencies": {
        "autod": "^3.0.1",
        "autod-egg": "^1.1.0",
        "egg-bin": "^4.11.0",
        "egg-ci": "^1.11.0",
        "egg-mock": "^3.21.0",
        "eslint": "^5.13.0",
        "eslint-config-egg": "^7.1.0"
      },
      "engines": {
        "node": ">=10.0.0"
      },
      "scripts": {
        "start": "egg-scripts start --title=guarder_server_S --port 8999 --sticky",
        "startd": "egg-scripts start --title=guarder_server_S --port 8999 --sticky  --daemon",
        "stop": "egg-scripts stop --title=egg-server-guarder_server",
        "dev": "egg-bin dev --port 8999 --sticky",
        "debug": "egg-bin debug",
        "test": "npm run lint -- --fix && npm run test-local",
        "test-local": "egg-bin test",
        "cov": "egg-bin cov",
        "lint": "eslint .",
        "ci": "npm run lint && npm run cov",
        "autod": "autod"
      },
      "ci": {
        "version": "10"
      },
      "repository": {
        "type": "git",
        "url": ""
      },
      "author": "Jinbing Fang",
      "license": "MIT"
    },
    "baseDir": "/Users/fangjianbing/work/oal/guarder/guarder_server",
    "HOME": "/Users/fangjianbing",
    "rundir": "/Users/fangjianbing/work/oal/guarder/guarder_server/run",
    "dump": {
      "ignore": "<Set>"
    },
    "confusedConfigurations": {
      "bodyparser": "bodyParser",
      "notFound": "notfound",
      "sitefile": "siteFile",
      "middlewares": "middleware",
      "httpClient": "httpclient"
    },
    "notfound": {
      "pageUrl": ""
    },
    "siteFile": {
      "/favicon.ico": "<Buffer len: 6463>"
    },
    "bodyParser": {
      "enable": true,
      "encoding": "utf8",
      "formLimit": "100kb",
      "jsonLimit": "100kb",
      "strict": true,
      "queryString": {
        "arrayLimit": 100,
        "depth": 5,
        "parameterLimit": 1000
      },
      "returnRawBody": true
    },
    "logger": {
      "dir": "/Users/fangjianbing/work/oal/guarder/guarder_server/logs/guarder_server",
      "encoding": "utf8",
      "env": "local",
      "level": "INFO",
      "consoleLevel": "INFO",
      "disableConsoleAfterReady": false,
      "outputJSON": false,
      "buffer": true,
      "appLogName": "guarder_server-web.log",
      "coreLogName": "egg-web.log",
      "agentLogName": "egg-agent.log",
      "errorLogName": "common-error.log",
      "coreLogger": {
        "consoleLevel": "WARN"
      },
      "allowDebugAtProd": false,
      "type": "application"
    },
    "httpclient": {
      "enableDNSCache": false,
      "dnsCacheLookupInterval": 10000,
      "dnsCacheMaxLength": 1000,
      "request": {
        "timeout": 5000
      },
      "httpAgent": {
        "keepAlive": true,
        "freeSocketTimeout": 4000,
        "maxSockets": 9007199254740991,
        "maxFreeSockets": 256
      },
      "httpsAgent": {
        "keepAlive": true,
        "freeSocketTimeout": 4000,
        "maxSockets": 9007199254740991,
        "maxFreeSockets": 256
      }
    },
    "meta": {
      "enable": true,
      "logging": false
    },
    "coreMiddleware": [
      "cors",
      "meta",
      "siteFile",
      "notfound",
      "static",
      "bodyParser",
      "overrideMethod",
      "session",
      "securities",
      "i18n",
      "eggLoaderTrace"
    ],
    "workerStartTimeout": 600000,
    "serverTimeout": null,
    "cluster": {
      "listen": {
        "path": "",
        "port": 7001,
        "hostname": ""
      }
    },
    "clusterClient": {
      "maxWaitTime": 60000,
      "responseTimeout": 60000
    },
    "onClientError": null,
    "middleware": [
      "jwt"
    ],
    "weed": {
      "server": "127.0.0.1",
      "port": 9333,
      "masters": [
        {
          "host": "127.0.0.1",
          "port": 9333
        }
      ],
      "scheme": "http"
    },
    "mqMaxSendCount": 100,
    "coreMiddlewares": "~config~coreMiddleware",
    "appMiddlewares": "~config~middleware",
    "appMiddleware": "~config~middleware",
    "multipartParseOptions": {
      "autoFields": false,
      "defCharset": "utf8",
      "limits": {
        "fieldNameSize": 100,
        "fieldSize": 102400,
        "fields": 10,
        "fileSize": 524288000,
        "files": 10
      },
      "checkFile": "<Function checkFile>"
    }
  },
  "plugins": {
    "session": {
      "enable": true,
      "package": "egg-session",
      "name": "session",
      "dependencies": [],
      "optionalDependencies": [],
      "env": [],
      "from": "/Users/fangjianbing/work/oal/guarder/guarder_server/node_modules/egg/config/plugin.js",
      "path": "/Users/fangjianbing/work/oal/guarder/guarder_server/node_modules/egg-session",
      "version": "3.1.0"
    },
    "security": {
      "enable": true,
      "package": "egg-security",
      "name": "security",
      "dependencies": [],
      "optionalDependencies": [
        "session"
      ],
      "env": [],
      "from": "/Users/fangjianbing/work/oal/guarder/guarder_server/node_modules/egg/config/plugin.js",
      "path": "/Users/fangjianbing/work/oal/guarder/guarder_server/node_modules/egg-security",
      "version": "2.6.1"
    },
    "jsonp": {
      "enable": true,
      "package": "egg-jsonp",
      "name": "jsonp",
      "dependencies": [],
      "optionalDependencies": [
        "security"
      ],
      "env": [],
      "from": "/Users/fangjianbing/work/oal/guarder/guarder_server/node_modules/egg/config/plugin.js",
      "path": "/Users/fangjianbing/work/oal/guarder/guarder_server/node_modules/egg-jsonp",
      "version": "2.0.0"
    },
    "onerror": {
      "enable": true,
      "package": "egg-onerror",
      "name": "onerror",
      "dependencies": [],
      "optionalDependencies": [
        "jsonp"
      ],
      "env": [],
      "from": "/Users/fangjianbing/work/oal/guarder/guarder_server/node_modules/egg/config/plugin.js",
      "path": "/Users/fangjianbing/work/oal/guarder/guarder_server/node_modules/egg-onerror",
      "version": "2.1.0"
    },
    "i18n": {
      "enable": true,
      "package": "egg-i18n",
      "name": "i18n",
      "dependencies": [],
      "optionalDependencies": [],
      "env": [],
      "from": "/Users/fangjianbing/work/oal/guarder/guarder_server/node_modules/egg/config/plugin.js",
      "path": "/Users/fangjianbing/work/oal/guarder/guarder_server/node_modules/egg-i18n",
      "version": "2.1.1"
    },
    "watcher": {
      "enable": true,
      "package": "egg-watcher",
      "name": "watcher",
      "dependencies": [],
      "optionalDependencies": [],
      "env": [],
      "from": "/Users/fangjianbing/work/oal/guarder/guarder_server/node_modules/egg/config/plugin.js",
      "path": "/Users/fangjianbing/work/oal/guarder/guarder_server/node_modules/egg-watcher",
      "version": "3.1.0"
    },
    "schedule": {
      "enable": true,
      "package": "egg-schedule",
      "name": "schedule",
      "dependencies": [],
      "optionalDependencies": [],
      "env": [],
      "from": "/Users/fangjianbing/work/oal/guarder/guarder_server/node_modules/egg/config/plugin.js",
      "path": "/Users/fangjianbing/work/oal/guarder/guarder_server/node_modules/egg-schedule",
      "version": "3.6.4"
    },
    "multipart": {
      "enable": true,
      "package": "egg-multipart",
      "name": "multipart",
      "dependencies": [],
      "optionalDependencies": [
        "schedule"
      ],
      "env": [],
      "from": "/Users/fangjianbing/work/oal/guarder/guarder_server/node_modules/egg/config/plugin.js",
      "path": "/Users/fangjianbing/work/oal/guarder/guarder_server/node_modules/egg-multipart",
      "version": "2.9.0"
    },
    "development": {
      "enable": true,
      "package": "egg-development",
      "name": "development",
      "dependencies": [
        "watcher"
      ],
      "optionalDependencies": [],
      "env": [
        "local"
      ],
      "from": "/Users/fangjianbing/work/oal/guarder/guarder_server/node_modules/egg/config/plugin.js",
      "path": "/Users/fangjianbing/work/oal/guarder/guarder_server/node_modules/egg-development",
      "version": "2.4.3"
    },
    "logrotator": {
      "enable": true,
      "package": "egg-logrotator",
      "name": "logrotator",
      "dependencies": [
        "schedule"
      ],
      "optionalDependencies": [],
      "env": [],
      "from": "/Users/fangjianbing/work/oal/guarder/guarder_server/node_modules/egg/config/plugin.js",
      "path": "/Users/fangjianbing/work/oal/guarder/guarder_server/node_modules/egg-logrotator",
      "version": "3.1.0"
    },
    "static": {
      "enable": true,
      "package": "egg-static",
      "name": "static",
      "dependencies": [],
      "optionalDependencies": [],
      "env": [],
      "from": "/Users/fangjianbing/work/oal/guarder/guarder_server/node_modules/egg/config/plugin.js",
      "path": "/Users/fangjianbing/work/oal/guarder/guarder_server/node_modules/egg-static",
      "version": "2.2.0"
    },
    "view": {
      "enable": true,
      "package": "egg-view",
      "name": "view",
      "dependencies": [],
      "optionalDependencies": [],
      "env": [],
      "from": "/Users/fangjianbing/work/oal/guarder/guarder_server/node_modules/egg/config/plugin.js",
      "path": "/Users/fangjianbing/work/oal/guarder/guarder_server/node_modules/egg-view",
      "version": "2.1.2"
    },
    "jwt": {
      "enable": true,
      "package": "egg-jwt",
      "name": "jwt",
      "dependencies": [],
      "optionalDependencies": [
        "onerror"
      ],
      "env": [],
      "from": "/Users/fangjianbing/work/oal/guarder/guarder_server/config/plugin.js",
      "path": "/Users/fangjianbing/work/oal/guarder/guarder_server/node_modules/egg-jwt",
      "version": "3.1.6"
    },
    "mongoose": {
      "enable": true,
      "package": "egg-mongoose",
      "name": "mongoose",
      "dependencies": [],
      "optionalDependencies": [],
      "env": [],
      "from": "/Users/fangjianbing/work/oal/guarder/guarder_server/config/plugin.js",
      "path": "/Users/fangjianbing/work/oal/guarder/guarder_server/node_modules/egg-mongoose",
      "version": "3.2.0"
    },
    "nunjucks": {
      "enable": true,
      "package": "egg-view-nunjucks",
      "name": "nunjucks",
      "dependencies": [
        "security",
        "view"
      ],
      "optionalDependencies": [],
      "env": [],
      "from": "/Users/fangjianbing/work/oal/guarder/guarder_server/config/plugin.js",
      "path": "/Users/fangjianbing/work/oal/guarder/guarder_server/node_modules/egg-view-nunjucks",
      "version": "2.2.0"
    },
    "io": {
      "enable": true,
      "package": "egg-socket.io",
      "name": "io",
      "dependencies": [
        "session"
      ],
      "optionalDependencies": [],
      "env": [],
      "from": "/Users/fangjianbing/work/oal/guarder/guarder_server/config/plugin.js",
      "path": "/Users/fangjianbing/work/oal/guarder/guarder_server/node_modules/egg-socket.io",
      "version": "4.1.6"
    },
    "cors": {
      "enable": true,
      "package": "egg-cors",
      "name": "cors",
      "dependencies": [],
      "optionalDependencies": [],
      "env": [],
      "from": "/Users/fangjianbing/work/oal/guarder/guarder_server/config/plugin.js",
      "path": "/Users/fangjianbing/work/oal/guarder/guarder_server/node_modules/egg-cors",
      "version": "2.2.3"
    }
  }
}