[
  {
    "name": "Application Start",
    "start": 1585627147036,
    "end": 1585627147640,
    "duration": 604,
    "pid": 2039,
    "index": 0
  },
  {
    "name": "Load Plugin",
    "start": 1585627147039,
    "end": 1585627147046,
    "duration": 7,
    "pid": 2039,
    "index": 1
  },
  {
    "name": "Load Config",
    "start": 1585627147046,
    "end": 1585627147061,
    "duration": 15,
    "pid": 2039,
    "index": 2
  },
  {
    "name": "Require(0) config/config.default.js",
    "start": 1585627147046,
    "end": 1585627147046,
    "duration": 0,
    "pid": 2039,
    "index": 3
  },
  {
    "name": "Require(1) node_modules/egg-session/config/config.default.js",
    "start": 1585627147047,
    "end": 1585627147048,
    "duration": 1,
    "pid": 2039,
    "index": 4
  },
  {
    "name": "Require(2) node_modules/egg-security/config/config.default.js",
    "start": 1585627147048,
    "end": 1585627147048,
    "duration": 0,
    "pid": 2039,
    "index": 5
  },
  {
    "name": "Require(3) node_modules/egg-jsonp/config/config.default.js",
    "start": 1585627147049,
    "end": 1585627147049,
    "duration": 0,
    "pid": 2039,
    "index": 6
  },
  {
    "name": "Require(4) node_modules/egg-onerror/config/config.default.js",
    "start": 1585627147049,
    "end": 1585627147049,
    "duration": 0,
    "pid": 2039,
    "index": 7
  },
  {
    "name": "Require(5) node_modules/egg-i18n/config/config.default.js",
    "start": 1585627147049,
    "end": 1585627147050,
    "duration": 1,
    "pid": 2039,
    "index": 8
  },
  {
    "name": "Require(6) node_modules/egg-watcher/config/config.default.js",
    "start": 1585627147050,
    "end": 1585627147050,
    "duration": 0,
    "pid": 2039,
    "index": 9
  },
  {
    "name": "Require(7) node_modules/egg-schedule/config/config.default.js",
    "start": 1585627147050,
    "end": 1585627147053,
    "duration": 3,
    "pid": 2039,
    "index": 10
  },
  {
    "name": "Require(8) node_modules/egg-multipart/config/config.default.js",
    "start": 1585627147053,
    "end": 1585627147054,
    "duration": 1,
    "pid": 2039,
    "index": 11
  },
  {
    "name": "Require(9) node_modules/egg-development/config/config.default.js",
    "start": 1585627147054,
    "end": 1585627147054,
    "duration": 0,
    "pid": 2039,
    "index": 12
  },
  {
    "name": "Require(10) node_modules/egg-logrotator/config/config.default.js",
    "start": 1585627147054,
    "end": 1585627147055,
    "duration": 1,
    "pid": 2039,
    "index": 13
  },
  {
    "name": "Require(11) node_modules/egg-static/config/config.default.js",
    "start": 1585627147055,
    "end": 1585627147055,
    "duration": 0,
    "pid": 2039,
    "index": 14
  },
  {
    "name": "Require(12) node_modules/egg-view/config/config.default.js",
    "start": 1585627147055,
    "end": 1585627147056,
    "duration": 1,
    "pid": 2039,
    "index": 15
  },
  {
    "name": "Require(13) node_modules/egg-jwt/config/config.default.js",
    "start": 1585627147056,
    "end": 1585627147056,
    "duration": 0,
    "pid": 2039,
    "index": 16
  },
  {
    "name": "Require(14) node_modules/egg-mongoose/config/config.default.js",
    "start": 1585627147056,
    "end": 1585627147056,
    "duration": 0,
    "pid": 2039,
    "index": 17
  },
  {
    "name": "Require(15) node_modules/egg-view-nunjucks/config/config.default.js",
    "start": 1585627147057,
    "end": 1585627147057,
    "duration": 0,
    "pid": 2039,
    "index": 18
  },
  {
    "name": "Require(16) node_modules/egg-socket.io/config/config.default.js",
    "start": 1585627147057,
    "end": 1585627147057,
    "duration": 0,
    "pid": 2039,
    "index": 19
  },
  {
    "name": "Require(17) node_modules/egg-cors/config/config.default.js",
    "start": 1585627147057,
    "end": 1585627147058,
    "duration": 1,
    "pid": 2039,
    "index": 20
  },
  {
    "name": "Require(18) node_modules/egg/config/config.default.js",
    "start": 1585627147058,
    "end": 1585627147058,
    "duration": 0,
    "pid": 2039,
    "index": 21
  },
  {
    "name": "Require(19) config/config.default.js",
    "start": 1585627147059,
    "end": 1585627147059,
    "duration": 0,
    "pid": 2039,
    "index": 22
  },
  {
    "name": "Require(20) node_modules/egg-security/config/config.local.js",
    "start": 1585627147059,
    "end": 1585627147059,
    "duration": 0,
    "pid": 2039,
    "index": 23
  },
  {
    "name": "Require(21) node_modules/egg-watcher/config/config.local.js",
    "start": 1585627147060,
    "end": 1585627147060,
    "duration": 0,
    "pid": 2039,
    "index": 24
  },
  {
    "name": "Require(22) node_modules/egg-view/config/config.local.js",
    "start": 1585627147060,
    "end": 1585627147060,
    "duration": 0,
    "pid": 2039,
    "index": 25
  },
  {
    "name": "Require(23) node_modules/egg-view-nunjucks/config/config.local.js",
    "start": 1585627147060,
    "end": 1585627147060,
    "duration": 0,
    "pid": 2039,
    "index": 26
  },
  {
    "name": "Require(24) node_modules/egg/config/config.local.js",
    "start": 1585627147061,
    "end": 1585627147061,
    "duration": 0,
    "pid": 2039,
    "index": 27
  },
  {
    "name": "Load extend/application.js",
    "start": 1585627147062,
    "end": 1585627147115,
    "duration": 53,
    "pid": 2039,
    "index": 28
  },
  {
    "name": "Require(25) node_modules/egg-session/app/extend/application.js",
    "start": 1585627147062,
    "end": 1585627147062,
    "duration": 0,
    "pid": 2039,
    "index": 29
  },
  {
    "name": "Require(26) node_modules/egg-security/app/extend/application.js",
    "start": 1585627147063,
    "end": 1585627147063,
    "duration": 0,
    "pid": 2039,
    "index": 30
  },
  {
    "name": "Require(27) node_modules/egg-jsonp/app/extend/application.js",
    "start": 1585627147063,
    "end": 1585627147064,
    "duration": 1,
    "pid": 2039,
    "index": 31
  },
  {
    "name": "Require(28) node_modules/egg-logrotator/app/extend/application.js",
    "start": 1585627147064,
    "end": 1585627147065,
    "duration": 1,
    "pid": 2039,
    "index": 32
  },
  {
    "name": "Require(29) node_modules/egg-view/app/extend/application.js",
    "start": 1585627147065,
    "end": 1585627147065,
    "duration": 0,
    "pid": 2039,
    "index": 33
  },
  {
    "name": "Require(30) node_modules/egg-jwt/app/extend/application.js",
    "start": 1585627147065,
    "end": 1585627147079,
    "duration": 14,
    "pid": 2039,
    "index": 34
  },
  {
    "name": "Require(31) node_modules/egg-view-nunjucks/app/extend/application.js",
    "start": 1585627147080,
    "end": 1585627147098,
    "duration": 18,
    "pid": 2039,
    "index": 35
  },
  {
    "name": "Require(32) node_modules/egg-socket.io/app/extend/application.js",
    "start": 1585627147098,
    "end": 1585627147114,
    "duration": 16,
    "pid": 2039,
    "index": 36
  },
  {
    "name": "Load extend/request.js",
    "start": 1585627147115,
    "end": 1585627147118,
    "duration": 3,
    "pid": 2039,
    "index": 37
  },
  {
    "name": "Require(33) node_modules/egg/app/extend/request.js",
    "start": 1585627147116,
    "end": 1585627147117,
    "duration": 1,
    "pid": 2039,
    "index": 38
  },
  {
    "name": "Load extend/response.js",
    "start": 1585627147118,
    "end": 1585627147120,
    "duration": 2,
    "pid": 2039,
    "index": 39
  },
  {
    "name": "Require(34) node_modules/egg/app/extend/response.js",
    "start": 1585627147119,
    "end": 1585627147119,
    "duration": 0,
    "pid": 2039,
    "index": 40
  },
  {
    "name": "Load extend/context.js",
    "start": 1585627147120,
    "end": 1585627147157,
    "duration": 37,
    "pid": 2039,
    "index": 41
  },
  {
    "name": "Require(35) node_modules/egg-security/app/extend/context.js",
    "start": 1585627147120,
    "end": 1585627147124,
    "duration": 4,
    "pid": 2039,
    "index": 42
  },
  {
    "name": "Require(36) node_modules/egg-jsonp/app/extend/context.js",
    "start": 1585627147124,
    "end": 1585627147125,
    "duration": 1,
    "pid": 2039,
    "index": 43
  },
  {
    "name": "Require(37) node_modules/egg-i18n/app/extend/context.js",
    "start": 1585627147125,
    "end": 1585627147125,
    "duration": 0,
    "pid": 2039,
    "index": 44
  },
  {
    "name": "Require(38) node_modules/egg-multipart/app/extend/context.js",
    "start": 1585627147126,
    "end": 1585627147154,
    "duration": 28,
    "pid": 2039,
    "index": 45
  },
  {
    "name": "Require(39) node_modules/egg-view/app/extend/context.js",
    "start": 1585627147154,
    "end": 1585627147155,
    "duration": 1,
    "pid": 2039,
    "index": 46
  },
  {
    "name": "Require(40) node_modules/egg-mongoose/app/extend/context.js",
    "start": 1585627147155,
    "end": 1585627147155,
    "duration": 0,
    "pid": 2039,
    "index": 47
  },
  {
    "name": "Require(41) node_modules/egg/app/extend/context.js",
    "start": 1585627147155,
    "end": 1585627147156,
    "duration": 1,
    "pid": 2039,
    "index": 48
  },
  {
    "name": "Load extend/helper.js",
    "start": 1585627147157,
    "end": 1585627147169,
    "duration": 12,
    "pid": 2039,
    "index": 49
  },
  {
    "name": "Require(42) node_modules/egg-security/app/extend/helper.js",
    "start": 1585627147157,
    "end": 1585627147165,
    "duration": 8,
    "pid": 2039,
    "index": 50
  },
  {
    "name": "Require(43) node_modules/egg/app/extend/helper.js",
    "start": 1585627147166,
    "end": 1585627147166,
    "duration": 0,
    "pid": 2039,
    "index": 51
  },
  {
    "name": "Load app.js",
    "start": 1585627147169,
    "end": 1585627147228,
    "duration": 59,
    "pid": 2039,
    "index": 52
  },
  {
    "name": "Require(44) node_modules/egg-session/app.js",
    "start": 1585627147170,
    "end": 1585627147170,
    "duration": 0,
    "pid": 2039,
    "index": 53
  },
  {
    "name": "Require(45) node_modules/egg-security/app.js",
    "start": 1585627147170,
    "end": 1585627147171,
    "duration": 1,
    "pid": 2039,
    "index": 54
  },
  {
    "name": "Require(46) node_modules/egg-onerror/app.js",
    "start": 1585627147171,
    "end": 1585627147174,
    "duration": 3,
    "pid": 2039,
    "index": 55
  },
  {
    "name": "Require(47) node_modules/egg-i18n/app.js",
    "start": 1585627147174,
    "end": 1585627147181,
    "duration": 7,
    "pid": 2039,
    "index": 56
  },
  {
    "name": "Require(48) node_modules/egg-watcher/app.js",
    "start": 1585627147181,
    "end": 1585627147184,
    "duration": 3,
    "pid": 2039,
    "index": 57
  },
  {
    "name": "Require(49) node_modules/egg-schedule/app.js",
    "start": 1585627147184,
    "end": 1585627147185,
    "duration": 1,
    "pid": 2039,
    "index": 58
  },
  {
    "name": "Require(50) node_modules/egg-multipart/app.js",
    "start": 1585627147185,
    "end": 1585627147186,
    "duration": 1,
    "pid": 2039,
    "index": 59
  },
  {
    "name": "Require(51) node_modules/egg-development/app.js",
    "start": 1585627147186,
    "end": 1585627147186,
    "duration": 0,
    "pid": 2039,
    "index": 60
  },
  {
    "name": "Require(52) node_modules/egg-logrotator/app.js",
    "start": 1585627147186,
    "end": 1585627147186,
    "duration": 0,
    "pid": 2039,
    "index": 61
  },
  {
    "name": "Require(53) node_modules/egg-static/app.js",
    "start": 1585627147187,
    "end": 1585627147187,
    "duration": 0,
    "pid": 2039,
    "index": 62
  },
  {
    "name": "Require(54) node_modules/egg-jwt/app.js",
    "start": 1585627147187,
    "end": 1585627147187,
    "duration": 0,
    "pid": 2039,
    "index": 63
  },
  {
    "name": "Require(55) node_modules/egg-mongoose/app.js",
    "start": 1585627147187,
    "end": 1585627147187,
    "duration": 0,
    "pid": 2039,
    "index": 64
  },
  {
    "name": "Require(56) node_modules/egg-view-nunjucks/app.js",
    "start": 1585627147187,
    "end": 1585627147188,
    "duration": 1,
    "pid": 2039,
    "index": 65
  },
  {
    "name": "Require(57) node_modules/egg-socket.io/app.js",
    "start": 1585627147188,
    "end": 1585627147212,
    "duration": 24,
    "pid": 2039,
    "index": 66
  },
  {
    "name": "Require(58) node_modules/egg-cors/app.js",
    "start": 1585627147212,
    "end": 1585627147212,
    "duration": 0,
    "pid": 2039,
    "index": 67
  },
  {
    "name": "Require(59) app/index.js",
    "start": 1585627147213,
    "end": 1585627147228,
    "duration": 15,
    "pid": 2039,
    "index": 68
  },
  {
    "name": "Before Start in node_modules/egg-watcher/lib/init.js:15:14",
    "start": 1585627147235,
    "end": 1585627147636,
    "duration": 401,
    "pid": 2039,
    "index": 69
  },
  {
    "name": "Before Start in node_modules/egg-mongoose/lib/mongoose.js:91:7",
    "start": 1585627147405,
    "end": 1585627147627,
    "duration": 222,
    "pid": 2039,
    "index": 70
  },
  {
    "name": "Before Start in node_modules/egg-mongoose/lib/mongoose.js:49:9",
    "start": 1585627147405,
    "end": 1585627147607,
    "duration": 202,
    "pid": 2039,
    "index": 71
  },
  {
    "name": "Load Controller",
    "start": 1585627147416,
    "end": 1585627147576,
    "duration": 160,
    "pid": 2039,
    "index": 72
  },
  {
    "name": "Load \"controller\" to Application",
    "start": 1585627147417,
    "end": 1585627147576,
    "duration": 159,
    "pid": 2039,
    "index": 73
  },
  {
    "name": "Before Start in node_modules/egg-socket.io/lib/io.js:26:7",
    "start": 1585627147420,
    "end": 1585627147607,
    "duration": 187,
    "pid": 2039,
    "index": 74
  },
  {
    "name": "Load Service",
    "start": 1585627147423,
    "end": 1585627147434,
    "duration": 11,
    "pid": 2039,
    "index": 75
  },
  {
    "name": "Load \"service\" to Context",
    "start": 1585627147423,
    "end": 1585627147434,
    "duration": 11,
    "pid": 2039,
    "index": 76
  },
  {
    "name": "Load Middleware",
    "start": 1585627147434,
    "end": 1585627147576,
    "duration": 142,
    "pid": 2039,
    "index": 77
  },
  {
    "name": "Load \"middlewares\" to Application",
    "start": 1585627147434,
    "end": 1585627147571,
    "duration": 137,
    "pid": 2039,
    "index": 78
  },
  {
    "name": "Load Controller",
    "start": 1585627147576,
    "end": 1585627147580,
    "duration": 4,
    "pid": 2039,
    "index": 79
  },
  {
    "name": "Load \"controller\" to Application",
    "start": 1585627147576,
    "end": 1585627147580,
    "duration": 4,
    "pid": 2039,
    "index": 80
  },
  {
    "name": "Load Router",
    "start": 1585627147580,
    "end": 1585627147583,
    "duration": 3,
    "pid": 2039,
    "index": 81
  },
  {
    "name": "Require(60) app/router.js",
    "start": 1585627147580,
    "end": 1585627147580,
    "duration": 0,
    "pid": 2039,
    "index": 82
  },
  {
    "name": "Before Start in node_modules/egg-core/lib/egg.js:303:10",
    "start": 1585627147581,
    "end": 1585627147607,
    "duration": 26,
    "pid": 2039,
    "index": 83
  },
  {
    "name": "Load \"model\" to Application",
    "start": 1585627147589,
    "end": 1585627147606,
    "duration": 17,
    "pid": 2039,
    "index": 84
  }
]